Word,Phonemes,Syllables
['people'],['P IY1 P AH0 L'],['people']
['time'],['T AY1 M'],['time']
['year'],['Y IH1 R'],['year']
['way'],['W EY1'],['way']
['day'],['D EY1'],['day']
['man'],['M AE1 N'],['man']
['thing'],['TH IH1 NG'],['thing']
['world'],['W ER1 L D'],['world']
['life'],['L AY1 F'],['life']
['hand'],['HH AE1 N D'],['hand']
['part'],['P AA1 R T'],['part']
['place'],['P L EY1 S'],['place']
['case'],['K EY1 S'],['case']
['group'],['G R UW1 P'],['group']
['problem'],['P R AA1 B L AH0 M'],"['prob', 'lem']"
['eye'],['AY1'],['eye']
['point'],['P OY1 N T'],['point']
['home'],['HH OW1 M'],['home']
['water'],['W AO1 T ER0'],"['wa', 'ter']"
['room'],['R UW1 M'],['room']
['mother'],['M AH1 DH ER0'],"['moth', 'er']"
['area'],['EH1 R IY0 AH0'],['area']
['money'],['M AH1 N IY0'],['money']
['story'],['S T AO1 R IY0'],['story']
['fact'],['F AE1 K T'],['fact']
['eye'],['AY1'],['eye']
['month'],['M AH1 N TH'],['month']
['lot'],"['L AA1 T', 'L AO1 T']",['lot']
['right'],['R AY1 T'],['right']
['study'],['S T AH1 D IY0'],['study']
['book'],['B UH1 K'],['book']
['eye'],['AY1'],['eye']
['job'],"['JH AA1 B', 'JH OW1 B']",['job']
['word'],['W ER1 D'],['word']
['business'],"['B IH1 Z N AH0 S', 'B IH1 Z N IH0 S']","['busi', 'ness']"
['issue'],['IH1 SH UW0'],"['is', 'sue']"
['side'],['S AY1 D'],['side']
['kind'],['K AY1 N D'],['kind']
['head'],['HH EH1 D'],['head']
['house'],['HH AW1 S'],['house']
['friend'],['F R EH1 N D'],['friend']
['father'],['F AA1 DH ER0'],"['fath', 'er']"
['power'],['P AW1 ER0'],['power']
['hour'],"['AW1 ER0', 'AW1 R']",['hour']
['game'],['G EY1 M'],['game']
['line'],['L AY1 N'],['line']
['end'],['EH1 N D'],['end']
['member'],['M EH1 M B ER0'],"['mem', 'ber']"
['law'],"['L AO1', 'L AA1']",['law']
['car'],['K AA1 R'],['car']
['city'],['S IH1 T IY0'],['city']
['community'],"['K AH0 M Y UW1 N AH0 T IY0', 'K AH0 M Y UW1 N IH0 T IY0']","['com', 'munity']"
['name'],['N EY1 M'],['name']
['president'],"['P R EH1 Z AH0 D EH2 N T', 'P R EH1 Z IH0 D AH0 N T']","['pres', 'id', 'ent']"
['team'],['T IY1 M'],['team']
['minute'],"['M IH1 N AH0 T', 'M AY0 N UW1 T', 'M AY0 N Y UW1 T']",['minute']
['school'],['S K UW1 L'],['school']
['government'],"['G AH1 V ER0 M AH0 N T', 'G AH1 V ER0 N M AH0 N T']","['gov', 'ern', 'ment']"
['company'],['K AH1 M P AH0 N IY2'],"['com', 'pany']"
['point'],['P OY1 N T'],['point']
['home'],['HH OW1 M'],['home']
['10'],[],['10']
['percent'],['P ER0 S EH1 N T'],"['per', 'cent']"
['mother'],['M AH1 DH ER0'],"['moth', 'er']"
['light'],['L AY1 T'],['light']
['product'],['P R AA1 D AH0 K T'],['product']
['country'],['K AH1 N T R IY0'],"['coun', 'try']"
['night'],['N AY1 T'],['night']
['point'],['P OY1 N T'],['point']
['eye'],['AY1'],['eye']
['child'],['CH AY1 L D'],['child']
['hour'],"['AW1 ER0', 'AW1 R']",['hour']
['week'],['W IY1 K'],['week']
['company'],['K AH1 M P AH0 N IY2'],"['com', 'pany']"
['system'],['S IH1 S T AH0 M'],"['sys', 'tem']"
['program'],['P R OW1 G R AE2 M'],"['pro', 'gram']"
['question'],"['K W EH1 S CH AH0 N', 'K W EH1 SH AH0 N']","['ques', 'tion']"
['number'],['N AH1 M B ER0'],"['num', 'ber']"
['eye'],['AY1'],['eye']
['group'],['G R UW1 P'],['group']
['play'],['P L EY1'],['play']
['government'],"['G AH1 V ER0 M AH0 N T', 'G AH1 V ER0 N M AH0 N T']","['gov', 'ern', 'ment']"
['service'],"['S ER1 V AH0 S', 'S ER1 V IH0 S']","['ser', 'vice']"
['friend'],['F R EH1 N D'],['friend']
['father'],['F AA1 DH ER0'],"['fath', 'er']"
['power'],['P AW1 ER0'],['power']
['public'],['P AH1 B L IH0 K'],"['pub', 'lic']"
['information'],"['IH2 N F ER0 M EY1 SH AH0 N', 'IH0 N F AO1 R M EY1 SH AH0 N']","['in', 'form', 'a', 'tion']"
['night'],['N AY1 T'],['night']
['level'],['L EH1 V AH0 L'],['level']
['year'],['Y IH1 R'],['year']
['town'],['T AW1 N'],['town']
['Mr'],['M IH1 S T ER0'],['Mr']
['company'],['K AH1 M P AH0 N IY2'],"['com', 'pany']"
['point'],['P OY1 N T'],['point']
['home'],['HH OW1 M'],['home']
['eye'],['AY1'],['eye']
['job'],"['JH AA1 B', 'JH OW1 B']",['job']
['business'],"['B IH1 Z N AH0 S', 'B IH1 Z N IH0 S']","['busi', 'ness']"
['issue'],['IH1 SH UW0'],"['is', 'sue']"
['the'],"['DH AH0', 'DH AH1', 'DH IY0']",['the']
['be'],"['B IY1', 'B IY0']",['be']
['and'],"['AH0 N D', 'AE1 N D']",['and']
['of'],['AH1 V'],['of']
['a'],"['AH0', 'EY1']",['a']
['in'],"['IH0 N', 'IH1 N']",['in']
['to'],"['T UW1', 'T IH0', 'T AH0']",['to']
['have'],['HH AE1 V'],['have']
['it'],"['IH1 T', 'IH0 T']",['it']
['I'],['AY1'],['I']
['that'],"['DH AE1 T', 'DH AH0 T']",['that']
['for'],"['F AO1 R', 'F ER0', 'F R ER0']",['for']
['you'],['Y UW1'],['you']
['he'],['HH IY1'],['he']
['with'],"['W IH1 DH', 'W IH1 TH', 'W IH0 TH', 'W IH0 DH']",['with']
['on'],"['AA1 N', 'AO1 N']",['on']
['do'],['D UW1'],['do']
['say'],['S EY1'],['say']
['this'],"['DH IH1 S', 'DH IH0 S']",['this']
['they'],['DH EY1'],['they']
['at'],['AE1 T'],['at']
['but'],['B AH1 T'],['but']
['we'],['W IY1'],['we']
['his'],"['HH IH1 Z', 'HH IH0 Z']",['his']
['from'],['F R AH1 M'],['from']
['that'],"['DH AE1 T', 'DH AH0 T']",['that']
['not'],['N AA1 T'],['not']
['by'],['B AY1'],['by']
['she'],['SH IY1'],['she']
['or'],"['AO1 R', 'ER0']",['or']
['as'],"['AE1 Z', 'EH1 Z']",['as']
['what'],"['W AH1 T', 'HH W AH1 T']",['what']
['go'],['G OW1'],['go']
['their'],['DH EH1 R'],['their']
['can'],"['K AE1 N', 'K AH0 N']",['can']
['who'],['HH UW1'],['who']
['get'],"['G EH1 T', 'G IH1 T']",['get']
['if'],"['IH1 F', 'IH0 F']",['if']
['would'],['W UH1 D'],['would']
['her'],"['HH ER1', 'HH ER0']",['her']
['all'],['AO1 L'],['all']
['my'],['M AY1'],['my']
['make'],['M EY1 K'],['make']
['about'],['AH0 B AW1 T'],['about']
['know'],['N OW1'],['know']
['will'],"['W IH1 L', 'W AH0 L']",['will']
['as'],"['AE1 Z', 'EH1 Z']",['as']
['up'],['AH1 P'],['up']
['one'],['W AH1 N'],['one']
['time'],['T AY1 M'],['time']
['there'],['DH EH1 R'],['there']
['year'],['Y IH1 R'],['year']
['so'],['S OW1'],['so']
['think'],['TH IH1 NG K'],['think']
['when'],"['W EH1 N', 'HH W EH1 N', 'W IH1 N', 'HH W IH1 N']",['when']
['which'],"['W IH1 CH', 'HH W IH1 CH']",['which']
['them'],"['DH EH1 M', 'DH AH0 M']",['them']
['some'],['S AH1 M'],['some']
['me'],['M IY1'],['me']
['people'],['P IY1 P AH0 L'],['people']
['take'],['T EY1 K'],['take']
['out'],['AW1 T'],['out']
['into'],"['IH1 N T UW0', 'IH0 N T UW1', 'IH0 N T AH0']","['in', 'to']"
['just'],"['JH AH1 S T', 'JH IH0 S T']",['just']
['see'],['S IY1'],['see']
['him'],"['HH IH1 M', 'IH0 M']",['him']
['your'],"['Y AO1 R', 'Y UH1 R']",['your']
['come'],['K AH1 M'],['come']
['could'],['K UH1 D'],['could']
['now'],['N AW1'],['now']
['than'],"['DH AE1 N', 'DH AH0 N']",['than']
['like'],['L AY1 K'],['like']
['other'],['AH1 DH ER0'],"['oth', 'er']"
['how'],['HH AW1'],['how']
['then'],['DH EH1 N'],['then']
['its'],"['IH1 T S', 'IH0 T S']",['its']
['our'],"['AW1 ER0', 'AW1 R', 'AA1 R']",['our']
['two'],['T UW1'],['two']
['more'],['M AO1 R'],['more']
['these'],['DH IY1 Z'],['these']
['want'],"['W AA1 N T', 'W AO1 N T']",['want']
['way'],['W EY1'],['way']
['look'],['L UH1 K'],['look']
['first'],['F ER1 S T'],['first']
['also'],['AO1 L S OW0'],['also']
['new'],"['N UW1', 'N Y UW1']",['new']
['because'],"['B IH0 K AO1 Z', 'B IH0 K AH1 Z', 'B IH0 K AA1 Z', 'B IH0 K AH0 Z']","['be', 'cause']"
['day'],['D EY1'],['day']
['more'],['M AO1 R'],['more']
['use'],"['Y UW1 S', 'Y UW1 Z']",['use']
['no'],['N OW1'],['no']
['man'],['M AE1 N'],['man']
['find'],['F AY1 N D'],['find']
['here'],['HH IY1 R'],['here']
['thing'],['TH IH1 NG'],['thing']
['give'],['G IH1 V'],['give']
['many'],['M EH1 N IY0'],['many']
['well'],['W EH1 L'],['well']
['only'],['OW1 N L IY0'],['only']
['those'],['DH OW1 Z'],['those']
['tell'],['T EH1 L'],['tell']
['very'],['V EH1 R IY0'],['very']
